{
  "service": {
    "service": "serverless-demo",
    "serviceObject": {
      "name": "serverless-demo"
    },
    "provider": {
      "name": "aws",
      "runtime": "nodejs12.x",
      "lambdaHashingVersion": "20201221",
      "region": "us-east-1",
      "credentials": {
        "accessKeyId": "AKIARXYMRLI4X6AATWZC",
        "secretAccessKey": "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"
      },
      "environment": {
        "DYNAMODB_TABLE": "serverless-demo-dev"
      },
      "iamRoleStatements": [
        {
          "Effect": "Allow",
          "Action": [
            "dynamodb:Query",
            "dynamodb:Scan",
            "dynamodb:GetItem",
            "dynamodb:PutItem",
            "dynamodb:UpdateItem",
            "dynamodb:DeleteItem"
          ],
          "Resource": "arn:aws:dynamodb:us-east-1:*:table/serverless-demo-dev"
        }
      ],
      "stage": "dev",
      "variableSyntax": "\\${([^{}:]+?(?:\\(|:)(?:[^:{}][^{}]*?)?)}",
      "versionFunctions": true,
      "compiledCloudFormationTemplate": {
        "AWSTemplateFormatVersion": "2010-09-09",
        "Description": "The AWS CloudFormation template for this Serverless application",
        "Resources": {
          "ServerlessDeploymentBucket": {
            "Type": "AWS::S3::Bucket",
            "Properties": {
              "BucketEncryption": {
                "ServerSideEncryptionConfiguration": [
                  {
                    "ServerSideEncryptionByDefault": {
                      "SSEAlgorithm": "AES256"
                    }
                  }
                ]
              }
            }
          },
          "ServerlessDeploymentBucketPolicy": {
            "Type": "AWS::S3::BucketPolicy",
            "Properties": {
              "Bucket": {
                "Ref": "ServerlessDeploymentBucket"
              },
              "PolicyDocument": {
                "Statement": [
                  {
                    "Action": "s3:*",
                    "Effect": "Deny",
                    "Principal": "*",
                    "Resource": [
                      {
                        "Fn::Join": [
                          "",
                          [
                            "arn:",
                            {
                              "Ref": "AWS::Partition"
                            },
                            ":s3:::",
                            {
                              "Ref": "ServerlessDeploymentBucket"
                            },
                            "/*"
                          ]
                        ]
                      },
                      {
                        "Fn::Join": [
                          "",
                          [
                            "arn:",
                            {
                              "Ref": "AWS::Partition"
                            },
                            ":s3:::",
                            {
                              "Ref": "ServerlessDeploymentBucket"
                            }
                          ]
                        ]
                      }
                    ],
                    "Condition": {
                      "Bool": {
                        "aws:SecureTransport": false
                      }
                    }
                  }
                ]
              }
            }
          },
          "HelloLogGroup": {
            "Type": "AWS::Logs::LogGroup",
            "Properties": {
              "LogGroupName": "/aws/lambda/serverless-demo-dev-hello"
            }
          },
          "UsersCreateLogGroup": {
            "Type": "AWS::Logs::LogGroup",
            "Properties": {
              "LogGroupName": "/aws/lambda/serverless-demo-dev-usersCreate"
            }
          },
          "UsersGetLogGroup": {
            "Type": "AWS::Logs::LogGroup",
            "Properties": {
              "LogGroupName": "/aws/lambda/serverless-demo-dev-usersGet"
            }
          },
          "UsersListLogGroup": {
            "Type": "AWS::Logs::LogGroup",
            "Properties": {
              "LogGroupName": "/aws/lambda/serverless-demo-dev-usersList"
            }
          },
          "UsersDeleteLogGroup": {
            "Type": "AWS::Logs::LogGroup",
            "Properties": {
              "LogGroupName": "/aws/lambda/serverless-demo-dev-usersDelete"
            }
          },
          "UsersUpdateLogGroup": {
            "Type": "AWS::Logs::LogGroup",
            "Properties": {
              "LogGroupName": "/aws/lambda/serverless-demo-dev-usersUpdate"
            }
          },
          "IamRoleLambdaExecution": {
            "Type": "AWS::IAM::Role",
            "Properties": {
              "AssumeRolePolicyDocument": {
                "Version": "2012-10-17",
                "Statement": [
                  {
                    "Effect": "Allow",
                    "Principal": {
                      "Service": [
                        "lambda.amazonaws.com"
                      ]
                    },
                    "Action": [
                      "sts:AssumeRole"
                    ]
                  }
                ]
              },
              "Policies": [
                {
                  "PolicyName": {
                    "Fn::Join": [
                      "-",
                      [
                        "serverless-demo",
                        "dev",
                        "lambda"
                      ]
                    ]
                  },
                  "PolicyDocument": {
                    "Version": "2012-10-17",
                    "Statement": [
                      {
                        "Effect": "Allow",
                        "Action": [
                          "logs:CreateLogStream",
                          "logs:CreateLogGroup"
                        ],
                        "Resource": [
                          {
                            "Fn::Sub": "arn:${AWS::Partition}:logs:${AWS::Region}:${AWS::AccountId}:log-group:/aws/lambda/serverless-demo-dev*:*"
                          }
                        ]
                      },
                      {
                        "Effect": "Allow",
                        "Action": [
                          "logs:PutLogEvents"
                        ],
                        "Resource": [
                          {
                            "Fn::Sub": "arn:${AWS::Partition}:logs:${AWS::Region}:${AWS::AccountId}:log-group:/aws/lambda/serverless-demo-dev*:*:*"
                          }
                        ]
                      },
                      {
                        "$ref": "$[\"service\"][\"provider\"][\"iamRoleStatements\"][0]"
                      }
                    ]
                  }
                }
              ],
              "Path": "/",
              "RoleName": {
                "Fn::Join": [
                  "-",
                  [
                    "serverless-demo",
                    "dev",
                    {
                      "Ref": "AWS::Region"
                    },
                    "lambdaRole"
                  ]
                ]
              }
            }
          },
          "HelloLambdaFunction": {
            "Type": "AWS::Lambda::Function",
            "Properties": {
              "Code": {
                "S3Bucket": {
                  "Ref": "ServerlessDeploymentBucket"
                },
                "S3Key": "serverless/serverless-demo/dev/1609764747923-2021-01-04T12:52:27.923Z/serverless-demo.zip"
              },
              "Handler": "handler.hello",
              "Runtime": "nodejs12.x",
              "FunctionName": "serverless-demo-dev-hello",
              "MemorySize": 1024,
              "Timeout": 6,
              "Environment": {
                "Variables": {
                  "DYNAMODB_TABLE": "serverless-demo-dev"
                }
              },
              "Role": {
                "Fn::GetAtt": [
                  "IamRoleLambdaExecution",
                  "Arn"
                ]
              }
            },
            "DependsOn": [
              "HelloLogGroup"
            ]
          },
          "UsersCreateLambdaFunction": {
            "Type": "AWS::Lambda::Function",
            "Properties": {
              "Code": {
                "S3Bucket": {
                  "Ref": "ServerlessDeploymentBucket"
                },
                "S3Key": "serverless/serverless-demo/dev/1609764747923-2021-01-04T12:52:27.923Z/serverless-demo.zip"
              },
              "Handler": "users/create_user.create",
              "Runtime": "nodejs12.x",
              "FunctionName": "serverless-demo-dev-usersCreate",
              "MemorySize": 1024,
              "Timeout": 6,
              "Environment": {
                "Variables": {
                  "DYNAMODB_TABLE": "serverless-demo-dev"
                }
              },
              "Role": {
                "Fn::GetAtt": [
                  "IamRoleLambdaExecution",
                  "Arn"
                ]
              }
            },
            "DependsOn": [
              "UsersCreateLogGroup"
            ]
          },
          "UsersGetLambdaFunction": {
            "Type": "AWS::Lambda::Function",
            "Properties": {
              "Code": {
                "S3Bucket": {
                  "Ref": "ServerlessDeploymentBucket"
                },
                "S3Key": "serverless/serverless-demo/dev/1609764747923-2021-01-04T12:52:27.923Z/serverless-demo.zip"
              },
              "Handler": "users/get_user.get",
              "Runtime": "nodejs12.x",
              "FunctionName": "serverless-demo-dev-usersGet",
              "MemorySize": 1024,
              "Timeout": 6,
              "Environment": {
                "Variables": {
                  "DYNAMODB_TABLE": "serverless-demo-dev"
                }
              },
              "Role": {
                "Fn::GetAtt": [
                  "IamRoleLambdaExecution",
                  "Arn"
                ]
              }
            },
            "DependsOn": [
              "UsersGetLogGroup"
            ]
          },
          "UsersListLambdaFunction": {
            "Type": "AWS::Lambda::Function",
            "Properties": {
              "Code": {
                "S3Bucket": {
                  "Ref": "ServerlessDeploymentBucket"
                },
                "S3Key": "serverless/serverless-demo/dev/1609764747923-2021-01-04T12:52:27.923Z/serverless-demo.zip"
              },
              "Handler": "users/list_users.list",
              "Runtime": "nodejs12.x",
              "FunctionName": "serverless-demo-dev-usersList",
              "MemorySize": 1024,
              "Timeout": 6,
              "Environment": {
                "Variables": {
                  "DYNAMODB_TABLE": "serverless-demo-dev"
                }
              },
              "Role": {
                "Fn::GetAtt": [
                  "IamRoleLambdaExecution",
                  "Arn"
                ]
              }
            },
            "DependsOn": [
              "UsersListLogGroup"
            ]
          },
          "UsersDeleteLambdaFunction": {
            "Type": "AWS::Lambda::Function",
            "Properties": {
              "Code": {
                "S3Bucket": {
                  "Ref": "ServerlessDeploymentBucket"
                },
                "S3Key": "serverless/serverless-demo/dev/1609764747923-2021-01-04T12:52:27.923Z/serverless-demo.zip"
              },
              "Handler": "users/delete_user.delete",
              "Runtime": "nodejs12.x",
              "FunctionName": "serverless-demo-dev-usersDelete",
              "MemorySize": 1024,
              "Timeout": 6,
              "Environment": {
                "Variables": {
                  "DYNAMODB_TABLE": "serverless-demo-dev"
                }
              },
              "Role": {
                "Fn::GetAtt": [
                  "IamRoleLambdaExecution",
                  "Arn"
                ]
              }
            },
            "DependsOn": [
              "UsersDeleteLogGroup"
            ]
          },
          "UsersUpdateLambdaFunction": {
            "Type": "AWS::Lambda::Function",
            "Properties": {
              "Code": {
                "S3Bucket": {
                  "Ref": "ServerlessDeploymentBucket"
                },
                "S3Key": "serverless/serverless-demo/dev/1609764747923-2021-01-04T12:52:27.923Z/serverless-demo.zip"
              },
              "Handler": "users/update_user.update",
              "Runtime": "nodejs12.x",
              "FunctionName": "serverless-demo-dev-usersUpdate",
              "MemorySize": 1024,
              "Timeout": 6,
              "Environment": {
                "Variables": {
                  "DYNAMODB_TABLE": "serverless-demo-dev"
                }
              },
              "Role": {
                "Fn::GetAtt": [
                  "IamRoleLambdaExecution",
                  "Arn"
                ]
              }
            },
            "DependsOn": [
              "UsersUpdateLogGroup"
            ]
          },
          "HelloLambdaVersionJAfQaEEncjZFjPguD01WJL9wChVmN6kGwR4Lyq4": {
            "Type": "AWS::Lambda::Version",
            "DeletionPolicy": "Retain",
            "Properties": {
              "FunctionName": {
                "Ref": "HelloLambdaFunction"
              },
              "CodeSha256": "cdlmwQr6L07LuD06qw2jwqvG1QeOTrcAoKj1TqVENsA="
            }
          },
          "UsersCreateLambdaVersion0W8RyFu1I899Ma978i9QKuosgEfaPokX00Va5X34T0": {
            "Type": "AWS::Lambda::Version",
            "DeletionPolicy": "Retain",
            "Properties": {
              "FunctionName": {
                "Ref": "UsersCreateLambdaFunction"
              },
              "CodeSha256": "cdlmwQr6L07LuD06qw2jwqvG1QeOTrcAoKj1TqVENsA="
            }
          },
          "UsersGetLambdaVersionKHXsj84rciWPxDGDs7EBaCw2uzN1dP40xkVkssd6Sjs": {
            "Type": "AWS::Lambda::Version",
            "DeletionPolicy": "Retain",
            "Properties": {
              "FunctionName": {
                "Ref": "UsersGetLambdaFunction"
              },
              "CodeSha256": "cdlmwQr6L07LuD06qw2jwqvG1QeOTrcAoKj1TqVENsA="
            }
          },
          "UsersListLambdaVersionBsucpsAOpQp2AlRbVVq4VHUop1Jo9Kj9FO9oXshhgM": {
            "Type": "AWS::Lambda::Version",
            "DeletionPolicy": "Retain",
            "Properties": {
              "FunctionName": {
                "Ref": "UsersListLambdaFunction"
              },
              "CodeSha256": "cdlmwQr6L07LuD06qw2jwqvG1QeOTrcAoKj1TqVENsA="
            }
          },
          "UsersDeleteLambdaVersiondquKuBFIDRFYHfsH5rp9116HBpapqbF9bWWwEUJKwo4": {
            "Type": "AWS::Lambda::Version",
            "DeletionPolicy": "Retain",
            "Properties": {
              "FunctionName": {
                "Ref": "UsersDeleteLambdaFunction"
              },
              "CodeSha256": "cdlmwQr6L07LuD06qw2jwqvG1QeOTrcAoKj1TqVENsA="
            }
          },
          "UsersUpdateLambdaVersionkCESsDtm3kuqFdz9roncLCpg80oWuPURFituzlXlk": {
            "Type": "AWS::Lambda::Version",
            "DeletionPolicy": "Retain",
            "Properties": {
              "FunctionName": {
                "Ref": "UsersUpdateLambdaFunction"
              },
              "CodeSha256": "cdlmwQr6L07LuD06qw2jwqvG1QeOTrcAoKj1TqVENsA="
            }
          },
          "ApiGatewayRestApi": {
            "Type": "AWS::ApiGateway::RestApi",
            "Properties": {
              "Name": "dev-serverless-demo",
              "EndpointConfiguration": {
                "Types": [
                  "EDGE"
                ]
              },
              "Policy": ""
            }
          },
          "ApiGatewayResourceUsers": {
            "Type": "AWS::ApiGateway::Resource",
            "Properties": {
              "ParentId": {
                "Fn::GetAtt": [
                  "ApiGatewayRestApi",
                  "RootResourceId"
                ]
              },
              "PathPart": "users",
              "RestApiId": {
                "Ref": "ApiGatewayRestApi"
              }
            }
          },
          "ApiGatewayResourceUsersIdVar": {
            "Type": "AWS::ApiGateway::Resource",
            "Properties": {
              "ParentId": {
                "Ref": "ApiGatewayResourceUsers"
              },
              "PathPart": "{id}",
              "RestApiId": {
                "Ref": "ApiGatewayRestApi"
              }
            }
          },
          "ApiGatewayMethodUsersOptions": {
            "Type": "AWS::ApiGateway::Method",
            "Properties": {
              "AuthorizationType": "NONE",
              "HttpMethod": "OPTIONS",
              "MethodResponses": [
                {
                  "StatusCode": "200",
                  "ResponseParameters": {
                    "method.response.header.Access-Control-Allow-Origin": true,
                    "method.response.header.Access-Control-Allow-Headers": true,
                    "method.response.header.Access-Control-Allow-Methods": true
                  },
                  "ResponseModels": {}
                }
              ],
              "RequestParameters": {},
              "Integration": {
                "Type": "MOCK",
                "RequestTemplates": {
                  "application/json": "{statusCode:200}"
                },
                "ContentHandling": "CONVERT_TO_TEXT",
                "IntegrationResponses": [
                  {
                    "StatusCode": "200",
                    "ResponseParameters": {
                      "method.response.header.Access-Control-Allow-Origin": "'*'",
                      "method.response.header.Access-Control-Allow-Headers": "'Content-Type,X-Amz-Date,Authorization,X-Api-Key,X-Amz-Security-Token,X-Amz-User-Agent'",
                      "method.response.header.Access-Control-Allow-Methods": "'OPTIONS,POST'"
                    },
                    "ResponseTemplates": {
                      "application/json": "#set($origin = $input.params(\"Origin\"))\n#if($origin == \"\") #set($origin = $input.params(\"origin\")) #end\n#if($origin.matches(\".+\")) #set($context.responseOverride.header.Access-Control-Allow-Origin = $origin) #end"
                    }
                  }
                ]
              },
              "ResourceId": {
                "Ref": "ApiGatewayResourceUsers"
              },
              "RestApiId": {
                "Ref": "ApiGatewayRestApi"
              }
            }
          },
          "ApiGatewayMethodUsersIdVarOptions": {
            "Type": "AWS::ApiGateway::Method",
            "Properties": {
              "AuthorizationType": "NONE",
              "HttpMethod": "OPTIONS",
              "MethodResponses": [
                {
                  "StatusCode": "200",
                  "ResponseParameters": {
                    "method.response.header.Access-Control-Allow-Origin": true,
                    "method.response.header.Access-Control-Allow-Headers": true,
                    "method.response.header.Access-Control-Allow-Methods": true
                  },
                  "ResponseModels": {}
                }
              ],
              "RequestParameters": {},
              "Integration": {
                "Type": "MOCK",
                "RequestTemplates": {
                  "application/json": "{statusCode:200}"
                },
                "ContentHandling": "CONVERT_TO_TEXT",
                "IntegrationResponses": [
                  {
                    "StatusCode": "200",
                    "ResponseParameters": {
                      "method.response.header.Access-Control-Allow-Origin": "'*'",
                      "method.response.header.Access-Control-Allow-Headers": "'Content-Type,X-Amz-Date,Authorization,X-Api-Key,X-Amz-Security-Token,X-Amz-User-Agent'",
                      "method.response.header.Access-Control-Allow-Methods": "'OPTIONS,PUT,DELETE,GET'"
                    },
                    "ResponseTemplates": {
                      "application/json": "#set($origin = $input.params(\"Origin\"))\n#if($origin == \"\") #set($origin = $input.params(\"origin\")) #end\n#if($origin.matches(\".+\")) #set($context.responseOverride.header.Access-Control-Allow-Origin = $origin) #end"
                    }
                  }
                ]
              },
              "ResourceId": {
                "Ref": "ApiGatewayResourceUsersIdVar"
              },
              "RestApiId": {
                "Ref": "ApiGatewayRestApi"
              }
            }
          },
          "ApiGatewayMethodUsersPost": {
            "Type": "AWS::ApiGateway::Method",
            "Properties": {
              "HttpMethod": "POST",
              "RequestParameters": {},
              "ResourceId": {
                "Ref": "ApiGatewayResourceUsers"
              },
              "RestApiId": {
                "Ref": "ApiGatewayRestApi"
              },
              "ApiKeyRequired": false,
              "AuthorizationType": "NONE",
              "Integration": {
                "IntegrationHttpMethod": "POST",
                "Type": "AWS_PROXY",
                "Uri": {
                  "Fn::Join": [
                    "",
                    [
                      "arn:",
                      {
                        "Ref": "AWS::Partition"
                      },
                      ":apigateway:",
                      {
                        "Ref": "AWS::Region"
                      },
                      ":lambda:path/2015-03-31/functions/",
                      {
                        "Fn::GetAtt": [
                          "UsersCreateLambdaFunction",
                          "Arn"
                        ]
                      },
                      "/invocations"
                    ]
                  ]
                }
              },
              "MethodResponses": []
            }
          },
          "ApiGatewayMethodUsersIdVarGet": {
            "Type": "AWS::ApiGateway::Method",
            "Properties": {
              "HttpMethod": "GET",
              "RequestParameters": {},
              "ResourceId": {
                "Ref": "ApiGatewayResourceUsersIdVar"
              },
              "RestApiId": {
                "Ref": "ApiGatewayRestApi"
              },
              "ApiKeyRequired": false,
              "AuthorizationType": "NONE",
              "Integration": {
                "IntegrationHttpMethod": "POST",
                "Type": "AWS_PROXY",
                "Uri": {
                  "Fn::Join": [
                    "",
                    [
                      "arn:",
                      {
                        "Ref": "AWS::Partition"
                      },
                      ":apigateway:",
                      {
                        "Ref": "AWS::Region"
                      },
                      ":lambda:path/2015-03-31/functions/",
                      {
                        "Fn::GetAtt": [
                          "UsersListLambdaFunction",
                          "Arn"
                        ]
                      },
                      "/invocations"
                    ]
                  ]
                }
              },
              "MethodResponses": []
            }
          },
          "ApiGatewayMethodUsersIdVarDelete": {
            "Type": "AWS::ApiGateway::Method",
            "Properties": {
              "HttpMethod": "DELETE",
              "RequestParameters": {},
              "ResourceId": {
                "Ref": "ApiGatewayResourceUsersIdVar"
              },
              "RestApiId": {
                "Ref": "ApiGatewayRestApi"
              },
              "ApiKeyRequired": false,
              "AuthorizationType": "NONE",
              "Integration": {
                "IntegrationHttpMethod": "POST",
                "Type": "AWS_PROXY",
                "Uri": {
                  "Fn::Join": [
                    "",
                    [
                      "arn:",
                      {
                        "Ref": "AWS::Partition"
                      },
                      ":apigateway:",
                      {
                        "Ref": "AWS::Region"
                      },
                      ":lambda:path/2015-03-31/functions/",
                      {
                        "Fn::GetAtt": [
                          "UsersDeleteLambdaFunction",
                          "Arn"
                        ]
                      },
                      "/invocations"
                    ]
                  ]
                }
              },
              "MethodResponses": []
            }
          },
          "ApiGatewayMethodUsersIdVarPut": {
            "Type": "AWS::ApiGateway::Method",
            "Properties": {
              "HttpMethod": "PUT",
              "RequestParameters": {},
              "ResourceId": {
                "Ref": "ApiGatewayResourceUsersIdVar"
              },
              "RestApiId": {
                "Ref": "ApiGatewayRestApi"
              },
              "ApiKeyRequired": false,
              "AuthorizationType": "NONE",
              "Integration": {
                "IntegrationHttpMethod": "POST",
                "Type": "AWS_PROXY",
                "Uri": {
                  "Fn::Join": [
                    "",
                    [
                      "arn:",
                      {
                        "Ref": "AWS::Partition"
                      },
                      ":apigateway:",
                      {
                        "Ref": "AWS::Region"
                      },
                      ":lambda:path/2015-03-31/functions/",
                      {
                        "Fn::GetAtt": [
                          "UsersUpdateLambdaFunction",
                          "Arn"
                        ]
                      },
                      "/invocations"
                    ]
                  ]
                }
              },
              "MethodResponses": []
            }
          },
          "ApiGatewayDeployment1609764742605": {
            "Type": "AWS::ApiGateway::Deployment",
            "Properties": {
              "RestApiId": {
                "Ref": "ApiGatewayRestApi"
              },
              "StageName": "dev"
            },
            "DependsOn": [
              "ApiGatewayMethodUsersOptions",
              "ApiGatewayMethodUsersIdVarOptions",
              "ApiGatewayMethodUsersPost",
              "ApiGatewayMethodUsersIdVarGet",
              "ApiGatewayMethodUsersIdVarGet",
              "ApiGatewayMethodUsersIdVarDelete",
              "ApiGatewayMethodUsersIdVarPut"
            ]
          },
          "UsersCreateLambdaPermissionApiGateway": {
            "Type": "AWS::Lambda::Permission",
            "Properties": {
              "FunctionName": {
                "Fn::GetAtt": [
                  "UsersCreateLambdaFunction",
                  "Arn"
                ]
              },
              "Action": "lambda:InvokeFunction",
              "Principal": "apigateway.amazonaws.com",
              "SourceArn": {
                "Fn::Join": [
                  "",
                  [
                    "arn:",
                    {
                      "Ref": "AWS::Partition"
                    },
                    ":execute-api:",
                    {
                      "Ref": "AWS::Region"
                    },
                    ":",
                    {
                      "Ref": "AWS::AccountId"
                    },
                    ":",
                    {
                      "Ref": "ApiGatewayRestApi"
                    },
                    "/*/*"
                  ]
                ]
              }
            }
          },
          "UsersGetLambdaPermissionApiGateway": {
            "Type": "AWS::Lambda::Permission",
            "Properties": {
              "FunctionName": {
                "Fn::GetAtt": [
                  "UsersGetLambdaFunction",
                  "Arn"
                ]
              },
              "Action": "lambda:InvokeFunction",
              "Principal": "apigateway.amazonaws.com",
              "SourceArn": {
                "Fn::Join": [
                  "",
                  [
                    "arn:",
                    {
                      "Ref": "AWS::Partition"
                    },
                    ":execute-api:",
                    {
                      "Ref": "AWS::Region"
                    },
                    ":",
                    {
                      "Ref": "AWS::AccountId"
                    },
                    ":",
                    {
                      "Ref": "ApiGatewayRestApi"
                    },
                    "/*/*"
                  ]
                ]
              }
            }
          },
          "UsersListLambdaPermissionApiGateway": {
            "Type": "AWS::Lambda::Permission",
            "Properties": {
              "FunctionName": {
                "Fn::GetAtt": [
                  "UsersListLambdaFunction",
                  "Arn"
                ]
              },
              "Action": "lambda:InvokeFunction",
              "Principal": "apigateway.amazonaws.com",
              "SourceArn": {
                "Fn::Join": [
                  "",
                  [
                    "arn:",
                    {
                      "Ref": "AWS::Partition"
                    },
                    ":execute-api:",
                    {
                      "Ref": "AWS::Region"
                    },
                    ":",
                    {
                      "Ref": "AWS::AccountId"
                    },
                    ":",
                    {
                      "Ref": "ApiGatewayRestApi"
                    },
                    "/*/*"
                  ]
                ]
              }
            }
          },
          "UsersDeleteLambdaPermissionApiGateway": {
            "Type": "AWS::Lambda::Permission",
            "Properties": {
              "FunctionName": {
                "Fn::GetAtt": [
                  "UsersDeleteLambdaFunction",
                  "Arn"
                ]
              },
              "Action": "lambda:InvokeFunction",
              "Principal": "apigateway.amazonaws.com",
              "SourceArn": {
                "Fn::Join": [
                  "",
                  [
                    "arn:",
                    {
                      "Ref": "AWS::Partition"
                    },
                    ":execute-api:",
                    {
                      "Ref": "AWS::Region"
                    },
                    ":",
                    {
                      "Ref": "AWS::AccountId"
                    },
                    ":",
                    {
                      "Ref": "ApiGatewayRestApi"
                    },
                    "/*/*"
                  ]
                ]
              }
            }
          },
          "UsersUpdateLambdaPermissionApiGateway": {
            "Type": "AWS::Lambda::Permission",
            "Properties": {
              "FunctionName": {
                "Fn::GetAtt": [
                  "UsersUpdateLambdaFunction",
                  "Arn"
                ]
              },
              "Action": "lambda:InvokeFunction",
              "Principal": "apigateway.amazonaws.com",
              "SourceArn": {
                "Fn::Join": [
                  "",
                  [
                    "arn:",
                    {
                      "Ref": "AWS::Partition"
                    },
                    ":execute-api:",
                    {
                      "Ref": "AWS::Region"
                    },
                    ":",
                    {
                      "Ref": "AWS::AccountId"
                    },
                    ":",
                    {
                      "Ref": "ApiGatewayRestApi"
                    },
                    "/*/*"
                  ]
                ]
              }
            }
          },
          "UsersDynamoDbTable": {
            "Type": "AWS::DynamoDB::Table",
            "DeletionPolicy": "Delete",
            "Properties": {
              "AttributeDefinitions": [
                {
                  "AttributeName": "id",
                  "AttributeType": "S"
                }
              ],
              "KeySchema": [
                {
                  "AttributeName": "id",
                  "KeyType": "HASH"
                }
              ],
              "ProvisionedThroughput": {
                "ReadCapacityUnits": 1,
                "WriteCapacityUnits": 1
              },
              "TableName": "serverless-demo-dev"
            }
          }
        },
        "Outputs": {
          "ServerlessDeploymentBucketName": {
            "Value": {
              "Ref": "ServerlessDeploymentBucket"
            }
          },
          "HelloLambdaFunctionQualifiedArn": {
            "Description": "Current Lambda function version",
            "Value": {
              "Ref": "HelloLambdaVersionJAfQaEEncjZFjPguD01WJL9wChVmN6kGwR4Lyq4"
            }
          },
          "UsersCreateLambdaFunctionQualifiedArn": {
            "Description": "Current Lambda function version",
            "Value": {
              "Ref": "UsersCreateLambdaVersion0W8RyFu1I899Ma978i9QKuosgEfaPokX00Va5X34T0"
            }
          },
          "UsersGetLambdaFunctionQualifiedArn": {
            "Description": "Current Lambda function version",
            "Value": {
              "Ref": "UsersGetLambdaVersionKHXsj84rciWPxDGDs7EBaCw2uzN1dP40xkVkssd6Sjs"
            }
          },
          "UsersListLambdaFunctionQualifiedArn": {
            "Description": "Current Lambda function version",
            "Value": {
              "Ref": "UsersListLambdaVersionBsucpsAOpQp2AlRbVVq4VHUop1Jo9Kj9FO9oXshhgM"
            }
          },
          "UsersDeleteLambdaFunctionQualifiedArn": {
            "Description": "Current Lambda function version",
            "Value": {
              "Ref": "UsersDeleteLambdaVersiondquKuBFIDRFYHfsH5rp9116HBpapqbF9bWWwEUJKwo4"
            }
          },
          "UsersUpdateLambdaFunctionQualifiedArn": {
            "Description": "Current Lambda function version",
            "Value": {
              "Ref": "UsersUpdateLambdaVersionkCESsDtm3kuqFdz9roncLCpg80oWuPURFituzlXlk"
            }
          },
          "ServiceEndpoint": {
            "Description": "URL of the service endpoint",
            "Value": {
              "Fn::Join": [
                "",
                [
                  "https://",
                  {
                    "Ref": "ApiGatewayRestApi"
                  },
                  ".execute-api.",
                  {
                    "Ref": "AWS::Region"
                  },
                  ".",
                  {
                    "Ref": "AWS::URLSuffix"
                  },
                  "/dev"
                ]
              ]
            }
          }
        }
      },
      "coreCloudFormationTemplate": {
        "AWSTemplateFormatVersion": "2010-09-09",
        "Description": "The AWS CloudFormation template for this Serverless application",
        "Resources": {
          "ServerlessDeploymentBucket": {
            "Type": "AWS::S3::Bucket",
            "Properties": {
              "BucketEncryption": {
                "ServerSideEncryptionConfiguration": [
                  {
                    "ServerSideEncryptionByDefault": {
                      "SSEAlgorithm": "AES256"
                    }
                  }
                ]
              }
            }
          },
          "ServerlessDeploymentBucketPolicy": {
            "Type": "AWS::S3::BucketPolicy",
            "Properties": {
              "Bucket": {
                "Ref": "ServerlessDeploymentBucket"
              },
              "PolicyDocument": {
                "Statement": [
                  {
                    "Action": "s3:*",
                    "Effect": "Deny",
                    "Principal": "*",
                    "Resource": [
                      {
                        "Fn::Join": [
                          "",
                          [
                            "arn:",
                            {
                              "Ref": "AWS::Partition"
                            },
                            ":s3:::",
                            {
                              "Ref": "ServerlessDeploymentBucket"
                            },
                            "/*"
                          ]
                        ]
                      },
                      {
                        "Fn::Join": [
                          "",
                          [
                            "arn:",
                            {
                              "Ref": "AWS::Partition"
                            },
                            ":s3:::",
                            {
                              "Ref": "ServerlessDeploymentBucket"
                            }
                          ]
                        ]
                      }
                    ],
                    "Condition": {
                      "Bool": {
                        "aws:SecureTransport": false
                      }
                    }
                  }
                ]
              }
            }
          }
        },
        "Outputs": {
          "ServerlessDeploymentBucketName": {
            "Value": {
              "Ref": "ServerlessDeploymentBucket"
            }
          }
        }
      },
      "vpc": {}
    },
    "pluginsData": {},
    "functions": {
      "hello": {
        "handler": "handler.hello",
        "events": [],
        "name": "serverless-demo-dev-hello",
        "package": {},
        "memory": 1024,
        "timeout": 6,
        "runtime": "nodejs12.x",
        "vpc": {},
        "versionLogicalId": "HelloLambdaVersionJAfQaEEncjZFjPguD01WJL9wChVmN6kGwR4Lyq4"
      },
      "usersCreate": {
        "handler": "users/create_user.create",
        "events": [
          {
            "http": {
              "path": "users",
              "method": "post",
              "cors": {
                "origins": [
                  "*"
                ],
                "origin": "*",
                "methods": [
                  "OPTIONS",
                  "POST"
                ],
                "headers": [
                  "Content-Type",
                  "X-Amz-Date",
                  "Authorization",
                  "X-Api-Key",
                  "X-Amz-Security-Token",
                  "X-Amz-User-Agent"
                ],
                "allowCredentials": false
              },
              "integration": "AWS_PROXY"
            }
          }
        ],
        "name": "serverless-demo-dev-usersCreate",
        "package": {},
        "memory": 1024,
        "timeout": 6,
        "runtime": "nodejs12.x",
        "vpc": {},
        "versionLogicalId": "UsersCreateLambdaVersion0W8RyFu1I899Ma978i9QKuosgEfaPokX00Va5X34T0"
      },
      "usersGet": {
        "handler": "users/get_user.get",
        "events": [
          {
            "http": {
              "path": "users/{id}",
              "method": "get",
              "cors": {
                "origins": [
                  "*"
                ],
                "origin": "*",
                "methods": [
                  "OPTIONS",
                  "GET"
                ],
                "headers": [
                  "Content-Type",
                  "X-Amz-Date",
                  "Authorization",
                  "X-Api-Key",
                  "X-Amz-Security-Token",
                  "X-Amz-User-Agent"
                ],
                "allowCredentials": false
              },
              "integration": "AWS_PROXY"
            }
          }
        ],
        "name": "serverless-demo-dev-usersGet",
        "package": {},
        "memory": 1024,
        "timeout": 6,
        "runtime": "nodejs12.x",
        "vpc": {},
        "versionLogicalId": "UsersGetLambdaVersionKHXsj84rciWPxDGDs7EBaCw2uzN1dP40xkVkssd6Sjs"
      },
      "usersList": {
        "handler": "users/list_users.list",
        "events": [
          {
            "http": {
              "path": "users/{id}",
              "method": "get",
              "cors": {
                "origins": [
                  "*"
                ],
                "origin": "*",
                "methods": [
                  "OPTIONS",
                  "GET"
                ],
                "headers": [
                  "Content-Type",
                  "X-Amz-Date",
                  "Authorization",
                  "X-Api-Key",
                  "X-Amz-Security-Token",
                  "X-Amz-User-Agent"
                ],
                "allowCredentials": false
              },
              "integration": "AWS_PROXY"
            }
          }
        ],
        "name": "serverless-demo-dev-usersList",
        "package": {},
        "memory": 1024,
        "timeout": 6,
        "runtime": "nodejs12.x",
        "vpc": {},
        "versionLogicalId": "UsersListLambdaVersionBsucpsAOpQp2AlRbVVq4VHUop1Jo9Kj9FO9oXshhgM"
      },
      "usersDelete": {
        "handler": "users/delete_user.delete",
        "events": [
          {
            "http": {
              "path": "users/{id}",
              "method": "delete",
              "cors": {
                "origins": [
                  "*"
                ],
                "origin": "*",
                "methods": [
                  "OPTIONS",
                  "DELETE"
                ],
                "headers": [
                  "Content-Type",
                  "X-Amz-Date",
                  "Authorization",
                  "X-Api-Key",
                  "X-Amz-Security-Token",
                  "X-Amz-User-Agent"
                ],
                "allowCredentials": false
              },
              "integration": "AWS_PROXY"
            }
          }
        ],
        "name": "serverless-demo-dev-usersDelete",
        "package": {},
        "memory": 1024,
        "timeout": 6,
        "runtime": "nodejs12.x",
        "vpc": {},
        "versionLogicalId": "UsersDeleteLambdaVersiondquKuBFIDRFYHfsH5rp9116HBpapqbF9bWWwEUJKwo4"
      },
      "usersUpdate": {
        "handler": "users/update_user.update",
        "events": [
          {
            "http": {
              "path": "users/{id}",
              "method": "put",
              "cors": {
                "origins": [
                  "*"
                ],
                "origin": "*",
                "methods": [
                  "OPTIONS",
                  "PUT"
                ],
                "headers": [
                  "Content-Type",
                  "X-Amz-Date",
                  "Authorization",
                  "X-Api-Key",
                  "X-Amz-Security-Token",
                  "X-Amz-User-Agent"
                ],
                "allowCredentials": false
              },
              "integration": "AWS_PROXY"
            }
          }
        ],
        "name": "serverless-demo-dev-usersUpdate",
        "package": {},
        "memory": 1024,
        "timeout": 6,
        "runtime": "nodejs12.x",
        "vpc": {},
        "versionLogicalId": "UsersUpdateLambdaVersionkCESsDtm3kuqFdz9roncLCpg80oWuPURFituzlXlk"
      }
    },
    "resources": {
      "Resources": {
        "UsersDynamoDbTable": {
          "Type": "AWS::DynamoDB::Table",
          "DeletionPolicy": "Delete",
          "Properties": {
            "AttributeDefinitions": [
              {
                "AttributeName": "id",
                "AttributeType": "S"
              }
            ],
            "KeySchema": [
              {
                "AttributeName": "id",
                "KeyType": "HASH"
              }
            ],
            "ProvisionedThroughput": {
              "ReadCapacityUnits": 1,
              "WriteCapacityUnits": 1
            },
            "TableName": "serverless-demo-dev"
          }
        }
      },
      "Outputs": {}
    },
    "configValidationMode": "warn",
    "serviceFilename": "serverless.yml",
    "layers": {},
    "initialServerlessConfig": {
      "service": {
        "$ref": "$[\"service\"][\"serviceObject\"]"
      },
      "frameworkVersion": "2",
      "provider": {
        "$ref": "$[\"service\"][\"provider\"]"
      },
      "resources": {
        "$ref": "$[\"service\"][\"resources\"]"
      },
      "functions": {
        "$ref": "$[\"service\"][\"functions\"]"
      }
    },
    "isDashboardMonitoringPreconfigured": false,
    "artifact": "/Users/yesithgamaarachchi/Documents/MSC/demo-app/.serverless/serverless-demo.zip"
  },
  "package": {
    "artifactDirectoryName": "serverless/serverless-demo/dev/1609764747923-2021-01-04T12:52:27.923Z",
    "artifact": "serverless-demo.zip"
  }
}